100,Business
Sed LLP,Law Firm,1-216-870-5334,Sed.com,help@Sed.com,"P.O. Box 703, 3830 Gravida Rd.",Tuscaloosa,AL,36937
In Consectetuer LLP,Construction,1-205-151-4540,In.com,help@In.com,7094 Et Rd.,Tucson,Arizona,86172
Dui Cum Sociis LLP,Consulting,1-330-397-4225,Dui.com,help@Dui.com,4656 Nisi Road,Lincoln,Nebraska,58797
Orci Adipiscing Non Consulting,Media,1-968-933-1173,Orci.com,help@Orci.com,"P.O. Box 509, 607 Integer Av.",San Diego,California,92953
Mollis Corporation,Financial Services,1-775-420-5397,Mollis.com,help@Mollis.com,"Ap #621-6295 Non, Av.",Toledo,OH,81348
Est Mauris Rhoncus Associates,Law Firm,1-120-552-5696,Est.com,help@Est.com,115 Amet Av.,Rock Springs,WY,18825
Et Malesuada Company,cosmetics,1-410-593-6521,Et.com,help@Et.com,532-2606 Sem Road,Kenosha,WI,34814
Ultricies Sem Magna Inc.,Sports,1-985-813-5488,Ultricies.com,help@Ultricies.com,8890 Dictum Street,Saint Louis,Missouri,95397
Eget Massa Suspendisse Inc.,Construction,1-459-180-3329,Eget.com,help@Eget.com,"2010 Ullamcorper, Street",Carson City,Nevada,42820
Ultrices A Incorporated,cosmetics,1-888-411-2844,Ultrices.com,help@Ultrices.com,8009 Vel St.,Overland Park,Kansas,57049
Ornare Facilisis Corporation,Financial Services,1-473-524-0056,Ornare.com,help@Ornare.com,Ap #546-9360 Ac Ave,Owensboro,KY,46672
Magna Incorporated,Cosmetics,1-783-358-7149,Magna.com,help@Magna.com,Ap #741-8835 Risus St.,Topeka,KS,73321
Sapien Inc.,Sports,1-263-449-4354,Sapien.com,help@Sapien.com,7023 Lorem Ave,Portland,Maine,33921
Imperdiet Dictum Consulting,Consulting,1-121-272-1637,Imperdiet.com,help@Imperdiet.com,1956 Enim. Rd.,Harrisburg,Pennsylvania,25783
Pede Foundation,Education,1-884-314-3221,Pede.com,help@Pede.com,894-3892 Nullam Ave,Springfield,MO,88674
Nunc Associates,Law Firm,1-456-386-8964,Nunc.com,help@Nunc.com,Ap #221-887 Quis Rd.,Juneau,Alaska,99668
Aliquam Erat Foundation,Education,1-310-883-7356,Aliquam.com,help@Aliquam.com,5696 Etiam St.,Rochester,Minnesota,62376
Luctus Felis Purus Incorporated,Sports,1-390-909-8197,Luctus.com,help@Luctus.com,Ap #919-8691 Vel St.,Wyoming,Wyoming,63842
Magnis Dis Parturient PC,Media,1-553-159-8794,Magnis.com,help@Magnis.com,413-335 Tempor Street,Lafayette,Louisiana,23887
Aliquam Iaculis Associates,Law Firm,1-904-830-5781,Aliquam.com,help@Aliquam.com,"P.O. Box 154, 4356 Ridiculus Rd.",Clarksville,TN,62078
In Corporation,Financial Services,1-907-522-1599,In.com,help@In.com,949-7570 Nullam Avenue,Davenport,Iowa,80479
Nec Leo Foundation,Cosmetics,1-304-151-2529,Nec.com,help@Nec.com,"P.O. Box 147, 5414 Eu Av.",Seattle,WA,54076
Duis Volutpat Nunc LLC,Construction,1-746-441-4569,Duis.com,help@Duis.com,"Ap #298-942 Aliquam, Rd.",West Valley City,Utah,33916
Velit Limited,Online Shopping,1-352-619-9508,Velit.com,help@Velit.com,"P.O. Box 302, 4198 Praesent Av.",Annapolis,MD,69294
Donec Feugiat Limited,Cosmetics,1-450-554-0204,Donec.com,help@Donec.com,"P.O. Box 255, 2647 Tempor Av.",Henderson,NV,72338
Purus Sapien Institute,Education,1-261-486-9966,Purus.com,help@Purus.com,"P.O. Box 208, 4818 Arcu Rd.",Stamford,Connecticut,13935
Adipiscing Industries,Cosmetics,1-997-822-1350,Adipiscing.com,help@Adipiscing.com,"8114 Pede, Av.",Louisville,KY,99342
Ullamcorper Corporation,Financial Services,1-660-196-8910,Ullamcorper.com,help@Ullamcorper.com,"P.O. Box 178, 2865 Orci, Road",Kansas City,KS,98710
Rhoncus Id Mollis LLP,Sports,1-393-392-3172,Rhoncus.com,help@Rhoncus.com,1857 Eu Ave,Baton Rouge,Louisiana,58895
Odio Limited,Sports,1-802-228-8405,Odio.com,help@Odio.com,2484 Donec Rd.,Detroit,Michigan,55275
Lorem Vitae Institute,Education,1-695-460-2490,Lorem.com,help@Lorem.com,Ap #582-6752 Donec Ave,Jonesboro,AR,72665
Luctus Lobortis Ltd,Construction,1-474-875-4028,Luctus.com,help@Luctus.com,501-390 Ultricies Rd.,Gaithersburg,Maryland,96297
Consequat Lectus Sit Corporation,Financial Services,1-240-719-0483,Consequat.com,help@Consequat.com,867-4472 Lorem Ave,Cambridge,MA,75892
In Tincidunt Associates,Law Firm,1-192-610-1455,In.com,help@In.com,"P.O. Box 412, 2045 Ipsum Avenue",Fort Smith,Arkansas,72376
Sed Pede LLP,Cosmetics,1-494-465-5229,Sed.com,help@Sed.com,Ap #220-6315 Scelerisque Rd.,Norfolk,VA,39310
Dis Industries,Construction,1-242-369-9986,Dis.com,help@Dis.com,5619 Felis. Rd.,Aurora,Colorado,66805
Torquent Per Industries,Construction,1-262-767-1405,Torquent.com,help@Torquent.com,Ap #220-1774 Tellus. Ave,Gaithersburg,Maryland,76861
At Industries,Media,1-750-445-7427,At.com,help@At.com,"P.O. Box 104, 8677 Porttitor Rd.",Fort Worth,Texas,77208
Luctus PC,Sports,1-143-878-0830,Luctus.com,help@Luctus.com,9260 Molestie. Ave,Carson City,Nevada,85222
Faucibus Corporation,FInancial Services,1-979-368-3467,Faucibus.com,help@Faucibus.com,Ap #232-6530 Vivamus St.,Saint Paul,MN,18589
Augue Scelerisque Mollis PC,Healthcare,1-143-134-0411,Augue.com,help@Augue.com,Ap #529-4115 Non Street,Kailua,Hawaii,15858
Nonummy Ut Associates,Law Firm,1-846-638-1299,Nonummy.com,help@Nonummy.com,"P.O. Box 637, 6210 Laoreet Av.",San Jose,CA,93781
Nullam Enim Sed Ltd,Construction,1-733-754-2946,Nullam.com,help@Nullam.com,"5759 Mauris, Road",Augusta,Georgia,39552
In Faucibus Orci Company,Sports,1-200-400-1102,In.com,help@In.com,8522 Odio St.,Birmingham,AL,35293
Vivamus Euismod Urna Incorporated,Financial Services,1-206-959-7676,Vivamus.com,help@Vivamus.com,"P.O. Box 746, 6406 Suspendisse Ave",Sacramento,CA,90816
Varius Foundation,Construction,1-473-342-7938,Varius.com,help@Varius.com,Ap #608-4483 Morbi Rd.,Phoenix,AZ,85232
Duis Dignissim Tempor LLP,Media,1-559-255-6987,Duis.com,help@Duis.com,Ap #256-5636 Fusce Rd.,Salt Lake City,Utah,40800
Phasellus Libero Mauris Company,Sports,1-441-138-4347,Phasellus.com,help@Phasellus.com,Ap #284-2664 Suspendisse St.,Athens,Georgia,48831
Cursus Industries,Sports,1-317-112-7472,Cursus.com,help@Cursus.com,"P.O. Box 301, 5756 Amet Road",Jacksonville,Florida,53498
Commodo Tincidunt LLP,Construction,1-837-439-4233,Commodo.com,help@Commodo.com,430-6825 Consectetuer Av.,Cambridge,Massachusetts,11278
Eros Nam Ltd,Media,1-225-108-1424,Eros.com,help@Eros.com,Ap #805-6148 Ac Avenue,Madison,WI,68348
Tortor Nibh Sit Corp.,Financial Services,1-542-467-6074,Tortor.com,help@Tortor.com,8361 Sagittis. St.,Los Angeles,CA,90961
Praesent Eu Ltd,Media,1-671-440-7750,Praesent.com,help@Praesent.com,"P.O. Box 242, 3374 Felis Street",Helena,Montana,48119
Mus Company,Construction,1-574-697-7769,Mus.com,help@Mus.com,6437 Etiam Ave,Houston,Texas,33076
Dui Semper Et LLP,Sports,1-427-702-7732,Dui.com,help@Dui.com,450-5345 Lacus Road,Tampa,FL,55620
Molestie Sodales Mauris PC,Sports,1-596-806-6249,Molestie.com,help@Molestie.com,8953 Libero Av.,Racine,Wisconsin,88618
Cursus A Enim Corp.,Financial Services,1-119-744-1524,Cursus.com,help@Cursus.com,211-1718 Cras Ave,Essex,VT,13571
Tincidunt Nibh Phasellus Limited,Media,1-473-381-3570,Tincidunt.com,help@Tincidunt.com,"Ap #210-7494 Magna, Av.",Georgia,Georgia,28291
Class Aptent Corp.,Financial Services,1-651-590-2567,Class.com,help@Class.com,356-9957 Mi Street,Wyoming,Wyoming,21749
Suspendisse Company,Construction,1-988-294-8763,Suspendisse.com,help@Suspendisse.com,Ap #947-4707 Nisi. Rd.,Athens,Georgia,43399
Ac Turpis Foundation,Media,1-378-594-3122,Ac.com,help@Ac.com,"P.O. Box 238, 6454 Quis Rd.",Davenport,IA,15665
Aliquam Gravida Institute,Education,1-354-458-6812,Aliquam.com,help@Aliquam.com,899-7779 Quis Street,Vancouver,Washington,85253
Sagittis Inc.,cosmetics,1-223-295-6618,Sagittis.com,help@Sagittis.com,Ap #326-2507 Malesuada. Street,Tallahassee,FL,71342
Hymenaeos Mauris Ut Limited,Sports,1-668-229-1934,Hymenaeos.com,help@Hymenaeos.com,"P.O. Box 796, 3669 Penatibus Road",Fort Worth,Texas,31195
Donec Nibh LLP,Construction,1-714-234-8349,Donec.com,help@Donec.com,Ap #316-5989 Augue Road,Lewiston,Maine,74227
Ultrices Corp.,Financial Services,1-141-982-3369,Ultrices.com,help@Ultrices.com,"P.O. Box 928, 8905 Dui, Av.",Toledo,OH,29285
Eget Foundation,Education,1-171-327-8873,Eget.com,help@Eget.com,Ap #873-5162 Viverra. St.,Rutland,Vermont,39773
Quam Pellentesque LLP,Media,1-264-980-7567,Quam.com,help@Quam.com,"523 Cursus, St.",Newark,Delaware,99361
Ornare Company,Construction,1-806-652-2002,Ornare.com,help@Ornare.com,"P.O. Box 575, 5879 Ante. St.",Great Falls,MT,54784
Massa Rutrum LLC,Sports,1-282-728-0498,Massa.com,help@Massa.com,5387 Nisi St.,Olympia,WA,64676
Nascetur Ridiculus Mus Company,Media,1-725-886-4991,Nascetur.com,help@Nascetur.com,2038 Curabitur Rd.,Covington,KY,59262
Nulla Ante Iaculis Consulting,Consulting,1-381-923-1853,Nulla.com,help@Nulla.com,"P.O. Box 928, 6732 Nulla Rd.",Kailua,HI,99640
Nec Company,Construction,1-564-932-5670,Nec.com,help@Nec.com,"P.O. Box 773, 8514 Et, Av.",Tuscaloosa,AL,35790
Feugiat Tellus Lorem Institute,Education,1-444-987-4586,Feugiat.com,help@Feugiat.com,Ap #194-9566 Molestie. Ave,Birmingham,AL,36745
Leo Elementum Industries,Media,1-770-408-3013,Leo.com,help@Leo.com,6100 Non St.,Springfield,Massachusetts,69683
Blandit Enim Consequat Corporation,Financial Services,1-626-293-0826,Blandit.com,help@Blandit.com,5615 Ornare Avenue,Springfield,Missouri,63259
Vitae Semper Egestas Company,Cosmetics,1-539-441-3398,Vitae.com,help@Vitae.com,"Ap #655-2709 Scelerisque, Ave",Fairbanks,AK,99763
Elit Aliquam Auctor Institute,Education,1-980-902-9146,Elit.com,help@Elit.com,8039 Quisque Street,Southaven,MS,71444
Quam Elementum At Company,Construction,1-644-217-3264,Quam.com,help@Quam.com,"Ap #528-2807 Dolor, St.",Rock Springs,Wyoming,17221
Ut Cursus Foundation,Sports,1-701-718-7127,Ut.com,help@Ut.com,"P.O. Box 696, 5494 In Street",Gary,Indiana,61216
Laoreet Libero Et Inc.,Consulting,1-820-863-3578,Laoreet.com,help@Laoreet.com,Ap #305-745 Mi Road,Omaha,Nebraska,34621
Nunc Institute,Education,1-724-367-5032,Nunc.com,help@Nunc.com,"316-4433 Aliquet, St.",Virginia Beach,Virginia,72004
Id Ante PC,Construction,1-772-783-0267,Id.com,help@Id.com,Ap #500-1663 Ligula. Road,Detroit,MI,45588
Dolor LLC,Law Firm,1-958-852-2413,Dolor.com,help@Dolor.com,"P.O. Box 159, 4050 Lorem, Street",Saint Louis,MO,60917
Imperdiet Nec Leo LLC,Law Firm,1-185-769-3058,Imperdiet.com,help@Imperdiet.com,2432 Velit Av.,Springfield,MA,71037
Urna Vivamus Corp.,Financial Services,1-308-643-5675,Urna.com,help@Urna.com,"P.O. Box 738, 3311 Semper Road",Clarksville,TN,50826
Phasellus LLP,Law Firm,1-687-785-6544,Phasellus.com,help@Phasellus.com,"P.O. Box 994, 8542 Ut St.",Bridgeport,Connecticut,25518
Curae; Donec Limited,Consulting,1-411-340-6115,Curae;.com,help@Curae;.com,187-9550 Facilisis Ave,Sterling Heights,Michigan,35381
Erat Sed LLC,Sports,1-121-845-0286,Erat.com,help@Erat.com,7290 Integer Rd.,Bellevue,WA,51268
Risus Donec Institute,Education,1-605-592-5489,Risus.com,help@Risus.com,5907 Vitae St.,Southaven,Mississippi,50883
Vestibulum Institute,Education,1-548-816-5803,Vestibulum.com,help@Vestibulum.com,254 Cursus Road,Owensboro,Kentucky,47046
Tempor Arcu LLC,Construction,1-733-577-8567,Tempor.com,help@Tempor.com,"Ap #393-7549 Luctus, Ave",Naperville,IL,75420
Nam Porttitor PC,Vehicle,1-599-393-3890,Nam.com,help@Nam.com,879-2751 Sit Rd.,Dover,DE,40777
Luctus LLP,Consulting,1-454-585-4204,Luctus.com,help@Luctus.com,"P.O. Box 759, 4784 Neque St.",Gulfport,MS,42949
Nisi Associates,Law Firm,1-169-650-1921,Nisi.com,help@Nisi.com,"6206 Non, St.",Richmond,Virginia,54522
Enim Ltd,Construction,1-454-455-2799,Enim.com,help@Enim.com,Ap #380-3128 Dignissim Rd.,Colorado Springs,Colorado,78983
Ullamcorper Velit LLP,Law Firm,1-887-864-1473,Ullamcorper.com,help@Ullamcorper.com,"5152 Vitae, St.",Lincoln,NE,86948
In Consequat Limited,Sports,1-542-424-1971,In.com,help@In.com,"P.O. Box 257, 5136 Convallis, St.",Kapolei,HI,95593
Auctor Vitae Aliquet LLP,Law Firm,1-233-519-4474,Auctor.com,help@Auctor.com,"7014 Convallis, Rd.",Columbus,Ohio,53567
Arcu Vivamus PC,Media,1-958-495-3984,Arcu.com,help@Arcu.com,"P.O. Box 185, 1595 Massa. Rd.",Annapolis,Maryland,63528